candidate_id,feasible,expected_fidelity,cost,queue,critical_depth,estimated_success_probability,num_qubits,operational,depth_feasible,calibration_age_hours,expected_fidelity_normalized,cost_normalized,queue_normalized,critical_depth_normalized,estimated_success_probability_normalized
ibm.ibm_boston,True,0.0014512800990164733,3.25783552,360.0,0.32105263157894737,0.0014512800990164733,156.0,1.0,1.0,1.215688986388889,0.0029498998748606568,0.96904164310399,0.7863501483679525,0.9839816933638443,0.0029498998748606568
ibm.ibm_fez,True,0.0034721432854821726,3.2519372799999995,3.0,0.32105263157894737,0.0034721432854821726,156.0,1.0,1.0,0.6540291719444445,0.007057545301064498,0.969114027646874,0.9982195845697329,0.9839816933638443,0.007057545301064498
ibm.ibm_pittsburgh,True,0.09928209016188187,3.2678035456000005,1685.0,0.32105263157894737,0.09928209016188187,156.0,1.0,1.0,1.2076468094444444,0.20180268822187952,0.9689193132265158,0.0,0.9839816933638443,0.20180268822187952
ibm.ibm_marrakesh,True,0.08800191730188456,3.2608239616,47.0,0.32105263157894737,0.08800191730188456,156.0,1.0,1.0,1.57126433,0.17887439165758207,0.9690049682689287,0.972106824925816,0.9839816933638443,0.17887439165758207
ibm.ibm_kingston,True,0.01844321645107568,3.2577634304000003,3.0,0.32105263157894737,0.01844321645107568,156.0,1.0,1.0,0.2876598872222222,0.037488036897857714,0.9690425278039585,0.9982195845697329,0.9839816933638443,0.037488036897857714
ibm.ibm_aachen,True,0.027616743603257676,3.2569573376000003,0.0,0.32105263157894737,0.027616743603257676,156.0,1.0,1.0,0.30544439,0.056134324831242616,0.9690524203581526,1.0,0.9839816933638443,0.056134324831242616
braket.Forte_1,True,0.491976053622846,82.22,0.0,0.31,0.491976053622846,36.0,1.0,1.0,43.31016820972222,1.0,0.0,1.0,1.0,1.0
braket.Forte_Enterprise_1,True,0.16381788172789877,82.22,1.0,0.31,0.16381788172789877,36.0,0.0,1.0,475.31016978194447,0.3329793808490591,0.0,0.9994065281899109,1.0,0.3329793808490591
braket.Cepheus-1-108Q,True,8.730225292259768e-48,0.7352,0.0,0.4006069802731411,8.730225292259768e-48,107.0,1.0,1.0,0.2762852780555555,1.774522403676267e-47,1.0,1.0,0.8686855358360274,1.774522403676267e-47
braket.Garnet,True,0.00906681285849575,1.9384000000000001,2.0,0.4866412213740458,0.00906681285849575,20.0,1.0,1.0,2.520868759722222,0.018429378405166168,0.9852340559220861,0.998813056379822,0.7439982298926873,0.018429378405166168
braket.Emerald,True,0.0028271141968217992,1.9384000000000001,4.0,0.5041736227045075,0.0028271141968217992,53.0,1.0,1.0,13.892461754444444,0.005746446754884323,0.9852340559220861,0.997626112759644,0.718588952602163,0.005746446754884323
braket.IBEX_Q1,False,0.0,24.364,5.0,1.0,0.0,12.0,1.0,1.0,274.8951829511111,0.0,0.7100219918316053,0.9970326409495549,0.0,0.0
