family,qubits,repetition,n_candidates_total,n_feasible,preprocessing_ms,instance_build_ms,resolution_ms,end_to_end_ms,selected_candidate_id,timestamp
ghz,2,1,12,12,0.037,42.239,750.724,792.962,ibm.ibm_aachen,2026-07-12T15:20:37.486950+00:00
ghz,2,2,12,12,0.105,52.416,721.414,773.83,ibm.ibm_aachen,2026-07-12T15:20:38.262320+00:00
ghz,2,3,12,12,0.096,49.583,738.38,787.963,ibm.ibm_aachen,2026-07-12T15:20:39.051232+00:00
ghz,2,4,12,12,0.071,51.583,725.849,777.431,ibm.ibm_aachen,2026-07-12T15:20:39.829599+00:00
ghz,2,5,12,12,0.131,53.328,723.363,776.691,ibm.ibm_aachen,2026-07-12T15:20:40.607467+00:00
ghz,2,6,12,12,0.095,49.713,702.649,752.362,ibm.ibm_aachen,2026-07-12T15:20:41.360956+00:00
ghz,2,7,12,12,0.134,50.324,712.896,763.22,ibm.ibm_aachen,2026-07-12T15:20:42.125354+00:00
ghz,2,8,12,12,0.096,50.9,685.901,736.801,ibm.ibm_aachen,2026-07-12T15:20:42.863301+00:00
ghz,2,9,12,12,0.103,50.723,692.261,742.984,ibm.ibm_aachen,2026-07-12T15:20:43.607334+00:00
ghz,2,10,12,12,0.101,50.483,693.566,744.049,ibm.ibm_aachen,2026-07-12T15:20:44.352442+00:00
ghz,4,1,12,12,0.121,53.159,705.912,759.071,ibm.ibm_aachen,2026-07-12T15:20:45.112445+00:00
ghz,4,2,12,12,0.13,51.809,717.597,769.407,ibm.ibm_aachen,2026-07-12T15:20:45.882742+00:00
ghz,4,3,12,12,0.122,53.536,733.762,787.298,ibm.ibm_aachen,2026-07-12T15:20:46.671275+00:00
ghz,4,4,12,12,0.127,55.273,709.526,764.799,ibm.ibm_aachen,2026-07-12T15:20:47.437410+00:00
ghz,4,5,12,12,0.13,51.895,715.736,767.632,ibm.ibm_aachen,2026-07-12T15:20:48.206246+00:00
ghz,4,6,12,12,0.107,51.627,719.088,770.715,ibm.ibm_aachen,2026-07-12T15:20:48.977999+00:00
ghz,4,7,12,12,0.173,50.878,738.284,789.162,ibm.ibm_aachen,2026-07-12T15:20:49.768381+00:00
ghz,4,8,12,12,0.099,55.252,721.864,777.116,ibm.ibm_aachen,2026-07-12T15:20:50.546458+00:00
ghz,4,9,12,12,0.106,52.909,727.244,780.153,ibm.ibm_aachen,2026-07-12T15:20:51.327607+00:00
ghz,4,10,12,12,0.144,54.62,731.586,786.207,ibm.ibm_aachen,2026-07-12T15:20:52.114953+00:00
ghz,8,1,12,12,0.235,57.354,711.862,769.215,ibm.ibm_aachen,2026-07-12T15:20:52.885362+00:00
ghz,8,2,12,12,0.179,56.022,721.993,778.014,ibm.ibm_aachen,2026-07-12T15:20:53.664531+00:00
ghz,8,3,12,12,0.18,56.664,715.702,772.366,ibm.ibm_aachen,2026-07-12T15:20:54.438214+00:00
ghz,8,4,12,12,0.199,56.261,712.66,768.92,ibm.ibm_aachen,2026-07-12T15:20:55.208893+00:00
ghz,8,5,12,12,0.213,58.926,718.045,776.971,ibm.ibm_aachen,2026-07-12T15:20:55.987346+00:00
ghz,8,6,12,12,0.181,56.166,711.824,767.989,ibm.ibm_aachen,2026-07-12T15:20:56.756537+00:00
ghz,8,7,12,12,0.221,59.404,716.09,775.494,ibm.ibm_aachen,2026-07-12T15:20:57.533443+00:00
ghz,8,8,12,12,0.104,57.865,710.487,768.352,ibm.ibm_aachen,2026-07-12T15:20:58.302673+00:00
ghz,8,9,12,12,0.157,56.849,727.187,784.036,ibm.ibm_aachen,2026-07-12T15:20:59.087884+00:00
ghz,8,10,12,12,0.161,59.781,725.295,785.076,ibm.ibm_aachen,2026-07-12T15:20:59.874169+00:00
ghz,12,1,12,12,0.225,61.241,737.546,798.788,ibm.ibm_aachen,2026-07-12T15:21:00.674245+00:00
ghz,12,2,12,12,0.259,60.453,714.902,775.355,ibm.ibm_aachen,2026-07-12T15:21:01.451020+00:00
ghz,12,3,12,12,0.229,63.73,728.994,792.725,ibm.ibm_aachen,2026-07-12T15:21:02.244989+00:00
ghz,12,4,12,12,0.312,62.016,717.774,779.791,ibm.ibm_aachen,2026-07-12T15:21:03.026014+00:00
ghz,12,5,12,12,0.205,62.362,715.257,777.619,ibm.ibm_aachen,2026-07-12T15:21:03.804808+00:00
ghz,12,6,12,12,0.202,61.334,708.542,769.876,ibm.ibm_aachen,2026-07-12T15:21:04.575868+00:00
ghz,12,7,12,12,0.221,63.067,689.973,753.041,ibm.ibm_aachen,2026-07-12T15:21:05.329977+00:00
ghz,12,8,12,12,0.206,63.533,688.595,752.128,ibm.ibm_aachen,2026-07-12T15:21:06.083329+00:00
ghz,12,9,12,12,0.204,63.898,699.395,763.293,ibm.ibm_aachen,2026-07-12T15:21:06.847727+00:00
ghz,12,10,12,12,0.227,61.488,720.73,782.218,ibm.ibm_aachen,2026-07-12T15:21:07.631326+00:00
ghz,15,1,12,11,0.197,61.753,728.281,790.033,ibm.ibm_aachen,2026-07-12T15:21:08.423068+00:00
ghz,15,2,12,11,0.277,63.172,719.827,782.999,ibm.ibm_aachen,2026-07-12T15:21:09.207546+00:00
ghz,15,3,12,11,0.26,64.702,710.197,774.899,ibm.ibm_aachen,2026-07-12T15:21:09.984155+00:00
ghz,15,4,12,11,0.269,60.066,714.102,774.168,ibm.ibm_aachen,2026-07-12T15:21:10.759479+00:00
ghz,15,5,12,11,0.265,63.446,733.426,796.872,ibm.ibm_aachen,2026-07-12T15:21:11.557446+00:00
ghz,15,6,12,11,0.267,64.354,745.897,810.25,ibm.ibm_aachen,2026-07-12T15:21:12.368894+00:00
ghz,15,7,12,11,0.254,60.519,740.357,800.877,ibm.ibm_aachen,2026-07-12T15:21:13.170992+00:00
ghz,15,8,12,11,0.262,63.764,697.965,761.729,ibm.ibm_aachen,2026-07-12T15:21:13.933973+00:00
ghz,15,9,12,11,0.259,63.929,702.9,766.829,ibm.ibm_aachen,2026-07-12T15:21:14.702059+00:00
ghz,15,10,12,11,0.255,65.675,709.028,774.703,ibm.ibm_aachen,2026-07-12T15:21:15.478168+00:00
ghz,20,1,12,11,0.342,81.63,713.975,795.605,ibm.ibm_kingston,2026-07-12T15:21:16.275474+00:00
ghz,20,2,12,11,0.331,81.452,710.468,791.919,ibm.ibm_kingston,2026-07-12T15:21:17.068712+00:00
ghz,20,3,12,11,0.316,154.601,695.806,850.407,ibm.ibm_kingston,2026-07-12T15:21:17.920354+00:00
ghz,20,4,12,11,0.323,80.138,692.513,772.651,ibm.ibm_kingston,2026-07-12T15:21:18.694204+00:00
ghz,20,5,12,11,0.428,80.583,703.411,783.994,ibm.ibm_kingston,2026-07-12T15:21:19.479512+00:00
ghz,20,6,12,11,0.332,81.426,710.552,791.979,ibm.ibm_kingston,2026-07-12T15:21:20.272767+00:00
ghz,20,7,12,11,0.323,80.432,709.812,790.244,ibm.ibm_kingston,2026-07-12T15:21:21.064123+00:00
ghz,20,8,12,11,0.313,81.986,714.986,796.972,ibm.ibm_kingston,2026-07-12T15:21:21.862293+00:00
ghz,20,9,12,11,0.319,79.988,693.012,773.0,ibm.ibm_kingston,2026-07-12T15:21:22.636736+00:00
ghz,20,10,12,11,0.304,80.621,714.108,794.729,ibm.ibm_kingston,2026-07-12T15:21:23.432992+00:00
ghz,28,1,12,10,0.4,87.188,722.81,809.998,ibm.ibm_kingston,2026-07-12T15:21:24.244333+00:00
ghz,28,2,12,10,0.271,85.633,699.845,785.478,ibm.ibm_kingston,2026-07-12T15:21:25.030917+00:00
ghz,28,3,12,10,0.268,87.659,714.098,801.757,ibm.ibm_kingston,2026-07-12T15:21:25.833818+00:00
ghz,28,4,12,10,0.419,88.688,709.73,798.419,ibm.ibm_kingston,2026-07-12T15:21:26.633655+00:00
ghz,28,5,12,10,0.419,87.757,711.662,799.418,ibm.ibm_kingston,2026-07-12T15:21:27.434461+00:00
ghz,28,6,12,10,0.443,86.3,716.851,803.151,ibm.ibm_kingston,2026-07-12T15:21:28.239090+00:00
ghz,28,7,12,10,0.605,91.306,734.699,826.005,ibm.ibm_kingston,2026-07-12T15:21:29.066821+00:00
ghz,28,8,12,10,0.411,84.107,739.598,823.705,ibm.ibm_kingston,2026-07-12T15:21:29.892144+00:00
ghz,28,9,12,10,0.426,86.558,732.602,819.16,ibm.ibm_kingston,2026-07-12T15:21:30.712881+00:00
ghz,28,10,12,10,0.45,87.433,723.784,811.217,ibm.ibm_kingston,2026-07-12T15:21:31.525679+00:00
ghz,36,1,12,10,0.565,90.363,728.106,818.468,ibm.ibm_kingston,2026-07-12T15:21:32.345975+00:00
ghz,36,2,12,10,0.505,92.003,699.426,791.429,ibm.ibm_kingston,2026-07-12T15:21:33.139061+00:00
ghz,36,3,12,10,0.511,89.098,703.151,792.248,ibm.ibm_kingston,2026-07-12T15:21:33.932923+00:00
ghz,36,4,12,10,0.505,94.073,701.15,795.223,ibm.ibm_kingston,2026-07-12T15:21:34.729957+00:00
ghz,36,5,12,10,0.509,91.831,692.484,784.315,ibm.ibm_kingston,2026-07-12T15:21:35.515808+00:00
ghz,36,6,12,10,0.49,91.093,689.356,780.449,ibm.ibm_kingston,2026-07-12T15:21:36.297947+00:00
ghz,36,7,12,10,0.504,91.392,723.596,814.988,ibm.ibm_kingston,2026-07-12T15:21:37.114663+00:00
ghz,36,8,12,10,0.5,91.571,731.637,823.208,ibm.ibm_kingston,2026-07-12T15:21:37.939404+00:00
ghz,36,9,12,10,0.499,94.073,715.768,809.841,ibm.ibm_kingston,2026-07-12T15:21:38.750772+00:00
ghz,36,10,12,10,0.521,92.968,704.624,797.592,ibm.ibm_kingston,2026-07-12T15:21:39.549915+00:00
ghz,53,1,12,8,0.716,99.12,716.736,815.856,ibm.ibm_kingston,2026-07-12T15:21:40.367712+00:00
ghz,53,2,12,8,0.706,101.959,720.694,822.653,ibm.ibm_kingston,2026-07-12T15:21:41.192258+00:00
ghz,53,3,12,8,0.739,100.861,717.469,818.33,ibm.ibm_kingston,2026-07-12T15:21:42.012768+00:00
ghz,53,4,12,8,0.717,101.062,743.47,844.532,ibm.ibm_kingston,2026-07-12T15:21:42.859544+00:00
ghz,53,5,12,8,0.705,98.458,735.53,833.988,ibm.ibm_kingston,2026-07-12T15:21:43.695301+00:00
ghz,53,6,12,8,0.712,95.735,731.144,826.88,ibm.ibm_kingston,2026-07-12T15:21:44.524022+00:00
ghz,53,7,12,8,0.699,102.25,739.131,841.381,ibm.ibm_kingston,2026-07-12T15:21:45.367108+00:00
ghz,53,8,12,8,0.424,101.54,713.109,814.65,ibm.ibm_kingston,2026-07-12T15:21:46.183899+00:00
ghz,53,9,12,8,0.75,102.226,711.222,813.448,ibm.ibm_kingston,2026-07-12T15:21:46.999347+00:00
ghz,53,10,12,8,0.702,102.322,715.324,817.646,ibm.ibm_kingston,2026-07-12T15:21:47.818801+00:00
ghz,65,1,12,7,0.843,106.312,709.872,816.184,ibm.ibm_kingston,2026-07-12T15:21:48.637223+00:00
ghz,65,2,12,7,0.837,108.971,702.211,811.182,ibm.ibm_kingston,2026-07-12T15:21:49.450380+00:00
ghz,65,3,12,7,0.862,108.245,694.914,803.159,ibm.ibm_kingston,2026-07-12T15:21:50.255423+00:00
ghz,65,4,12,7,0.822,108.296,729.631,837.927,ibm.ibm_kingston,2026-07-12T15:21:51.095314+00:00
ghz,65,5,12,7,0.832,108.253,697.991,806.244,ibm.ibm_kingston,2026-07-12T15:21:51.903376+00:00
ghz,65,6,12,7,0.841,113.391,689.289,802.68,ibm.ibm_kingston,2026-07-12T15:21:52.708036+00:00
ghz,65,7,12,7,0.862,109.149,705.805,814.954,ibm.ibm_kingston,2026-07-12T15:21:53.525223+00:00
ghz,65,8,12,7,0.859,111.696,719.246,830.942,ibm.ibm_kingston,2026-07-12T15:21:54.358129+00:00
ghz,65,9,12,7,0.869,107.731,722.85,830.581,ibm.ibm_kingston,2026-07-12T15:21:55.190784+00:00
ghz,65,10,12,7,0.833,109.71,707.547,817.257,ibm.ibm_kingston,2026-07-12T15:21:56.010068+00:00
ghz,84,1,12,7,0.771,131.91,741.261,873.171,ibm.ibm_kingston,2026-07-12T15:21:56.885169+00:00
ghz,84,2,12,7,1.104,132.723,724.258,856.982,ibm.ibm_kingston,2026-07-12T15:21:57.744451+00:00
ghz,84,3,12,7,1.089,129.616,846.715,976.332,ibm.ibm_kingston,2026-07-12T15:21:58.722967+00:00
ghz,84,4,12,7,0.749,131.907,731.317,863.225,ibm.ibm_kingston,2026-07-12T15:21:59.588280+00:00
ghz,84,5,12,7,1.07,131.781,733.493,865.274,ibm.ibm_kingston,2026-07-12T15:22:00.456100+00:00
ghz,84,6,12,7,1.07,140.31,716.032,856.342,ibm.ibm_kingston,2026-07-12T15:22:01.314907+00:00
ghz,84,7,12,7,1.06,131.825,736.985,868.81,ibm.ibm_kingston,2026-07-12T15:22:02.186189+00:00
ghz,84,8,12,7,1.125,131.36,716.345,847.704,ibm.ibm_kingston,2026-07-12T15:22:03.036108+00:00
ghz,84,9,12,7,0.597,133.153,693.542,826.694,ibm.ibm_kingston,2026-07-12T15:22:03.864353+00:00
ghz,84,10,12,7,1.099,130.028,695.027,825.055,ibm.ibm_kingston,2026-07-12T15:22:04.691775+00:00
ghz,107,1,12,7,1.334,155.16,1071.421,1226.581,braket.Cepheus-1-108Q,2026-07-12T15:22:05.920964+00:00
ghz,107,2,12,7,1.587,155.1,706.424,861.524,braket.Cepheus-1-108Q,2026-07-12T15:22:06.785121+00:00
ghz,107,3,12,7,1.346,152.194,704.279,856.473,braket.Cepheus-1-108Q,2026-07-12T15:22:07.644185+00:00
ghz,107,4,12,7,1.362,152.204,716.511,868.715,braket.Cepheus-1-108Q,2026-07-12T15:22:08.515595+00:00
ghz,107,5,12,7,1.323,153.413,705.986,859.399,braket.Cepheus-1-108Q,2026-07-12T15:22:09.377503+00:00
ghz,107,6,12,7,1.392,150.731,703.177,853.908,braket.Cepheus-1-108Q,2026-07-12T15:22:10.233990+00:00
ghz,107,7,12,7,1.311,152.353,700.38,852.733,braket.Cepheus-1-108Q,2026-07-12T15:22:11.089285+00:00
ghz,107,8,12,7,1.427,155.513,691.625,847.138,braket.Cepheus-1-108Q,2026-07-12T15:22:11.939415+00:00
ghz,107,9,12,7,1.368,150.545,706.215,856.761,braket.Cepheus-1-108Q,2026-07-12T15:22:12.798856+00:00
ghz,107,10,12,7,1.324,153.759,693.471,847.229,braket.Cepheus-1-108Q,2026-07-12T15:22:13.648669+00:00
ghz,156,1,12,6,1.918,182.411,712.765,895.176,ibm.ibm_aachen,2026-07-12T15:22:14.547423+00:00
ghz,156,2,12,6,1.921,180.864,710.292,891.156,ibm.ibm_aachen,2026-07-12T15:22:15.442325+00:00
ghz,156,3,12,6,1.945,181.139,717.816,898.955,ibm.ibm_aachen,2026-07-12T15:22:16.344609+00:00
ghz,156,4,12,6,1.905,182.5,714.448,896.948,ibm.ibm_aachen,2026-07-12T15:22:17.244764+00:00
ghz,156,5,12,6,1.98,179.765,740.104,919.869,ibm.ibm_aachen,2026-07-12T15:22:18.167915+00:00
ghz,156,6,12,6,1.896,181.618,725.729,907.346,ibm.ibm_aachen,2026-07-12T15:22:19.078359+00:00
ghz,156,7,12,6,1.943,180.687,727.289,907.975,ibm.ibm_aachen,2026-07-12T15:22:19.989635+00:00
ghz,156,8,12,6,1.918,183.127,731.278,914.405,ibm.ibm_aachen,2026-07-12T15:22:20.907703+00:00
ghz,156,9,12,6,1.903,180.577,743.582,924.16,ibm.ibm_aachen,2026-07-12T15:22:21.835243+00:00
ghz,156,10,12,6,1.963,181.931,724.708,906.639,ibm.ibm_aachen,2026-07-12T15:22:22.745246+00:00
qaoa,2,1,12,12,0.19,52.043,707.999,760.042,ibm.ibm_aachen,2026-07-12T15:22:23.509041+00:00
qaoa,2,2,12,12,0.14,52.514,736.074,788.588,ibm.ibm_aachen,2026-07-12T15:22:24.299260+00:00
qaoa,2,3,12,12,0.162,54.865,691.577,746.443,ibm.ibm_aachen,2026-07-12T15:22:25.047351+00:00
qaoa,2,4,12,12,0.132,55.984,709.308,765.292,ibm.ibm_aachen,2026-07-12T15:22:25.814493+00:00
qaoa,2,5,12,12,0.172,51.744,708.057,759.801,ibm.ibm_aachen,2026-07-12T15:22:26.575808+00:00
qaoa,2,6,12,12,0.137,52.791,691.684,744.475,ibm.ibm_aachen,2026-07-12T15:22:27.321830+00:00
qaoa,2,7,12,12,0.175,51.911,693.794,745.705,ibm.ibm_aachen,2026-07-12T15:22:28.069166+00:00
qaoa,2,8,12,12,0.175,53.575,709.758,763.334,ibm.ibm_aachen,2026-07-12T15:22:28.833956+00:00
qaoa,2,9,12,12,0.175,56.154,705.51,761.665,ibm.ibm_aachen,2026-07-12T15:22:29.597363+00:00
qaoa,2,10,12,12,0.172,50.187,733.095,783.282,ibm.ibm_aachen,2026-07-12T15:22:30.382290+00:00
qaoa,4,1,12,12,0.224,58.433,745.64,804.072,ibm.ibm_kingston,2026-07-12T15:22:31.188014+00:00
qaoa,4,2,12,12,0.219,58.232,726.934,785.166,ibm.ibm_kingston,2026-07-12T15:22:31.974932+00:00
qaoa,4,3,12,12,0.217,59.075,749.819,808.894,ibm.ibm_kingston,2026-07-12T15:22:32.785536+00:00
qaoa,4,4,12,12,0.217,58.229,727.572,785.8,ibm.ibm_kingston,2026-07-12T15:22:33.573014+00:00
qaoa,4,5,12,12,0.224,56.501,730.078,786.579,ibm.ibm_kingston,2026-07-12T15:22:34.361353+00:00
qaoa,4,6,12,12,0.224,57.786,704.912,762.699,ibm.ibm_kingston,2026-07-12T15:22:35.125867+00:00
qaoa,4,7,12,12,0.218,59.079,718.776,777.854,ibm.ibm_kingston,2026-07-12T15:22:35.905331+00:00
qaoa,4,8,12,12,0.21,56.012,717.107,773.119,ibm.ibm_kingston,2026-07-12T15:22:36.680197+00:00
qaoa,4,9,12,12,0.223,55.805,742.568,798.373,ibm.ibm_kingston,2026-07-12T15:22:37.480540+00:00
qaoa,4,10,12,12,0.223,57.962,713.998,771.96,ibm.ibm_kingston,2026-07-12T15:22:38.254405+00:00
qaoa,8,1,12,12,0.535,100.328,700.64,800.968,ibm.ibm_aachen,2026-07-12T15:22:39.057718+00:00
qaoa,8,2,12,12,0.473,99.444,708.99,808.433,ibm.ibm_aachen,2026-07-12T15:22:39.868335+00:00
qaoa,8,3,12,12,0.482,99.981,715.493,815.475,ibm.ibm_aachen,2026-07-12T15:22:40.686122+00:00
qaoa,8,4,12,12,0.51,98.394,724.082,822.476,ibm.ibm_aachen,2026-07-12T15:22:41.510771+00:00
qaoa,8,5,12,12,0.352,99.642,738.004,837.647,ibm.ibm_aachen,2026-07-12T15:22:42.350433+00:00
qaoa,8,6,12,12,0.501,98.973,722.073,821.047,ibm.ibm_aachen,2026-07-12T15:22:43.173808+00:00
qaoa,8,7,12,12,0.475,98.162,705.132,803.294,ibm.ibm_aachen,2026-07-12T15:22:43.979337+00:00
qaoa,8,8,12,12,0.502,99.994,703.793,803.788,ibm.ibm_aachen,2026-07-12T15:22:44.785446+00:00
qaoa,8,9,12,12,0.476,99.368,705.898,805.266,ibm.ibm_aachen,2026-07-12T15:22:45.592871+00:00
qaoa,8,10,12,12,0.485,100.079,728.047,828.126,ibm.ibm_aachen,2026-07-12T15:22:46.423445+00:00
qaoa,12,1,12,12,0.908,175.01,705.633,880.643,braket.IBEX_Q1,2026-07-12T15:22:47.307277+00:00
qaoa,12,2,12,12,0.918,177.987,695.397,873.384,braket.IBEX_Q1,2026-07-12T15:22:48.183614+00:00
qaoa,12,3,12,12,0.561,174.841,690.656,865.497,braket.IBEX_Q1,2026-07-12T15:22:49.051923+00:00
qaoa,12,4,12,12,0.89,176.097,694.663,870.761,braket.IBEX_Q1,2026-07-12T15:22:49.926306+00:00
qaoa,12,5,12,12,0.874,173.787,717.121,890.908,braket.IBEX_Q1,2026-07-12T15:22:50.820351+00:00
qaoa,12,6,12,12,0.911,175.562,713.93,889.492,braket.IBEX_Q1,2026-07-12T15:22:51.712899+00:00
qaoa,12,7,12,12,0.922,175.499,723.741,899.24,braket.IBEX_Q1,2026-07-12T15:22:52.615937+00:00
qaoa,12,8,12,12,0.902,176.253,734.307,910.56,braket.IBEX_Q1,2026-07-12T15:22:53.529691+00:00
qaoa,12,9,12,12,0.947,174.659,719.574,894.233,braket.IBEX_Q1,2026-07-12T15:22:54.427195+00:00
qaoa,12,10,12,12,0.916,172.526,738.83,911.356,braket.IBEX_Q1,2026-07-12T15:22:55.342281+00:00
qaoa,15,1,12,11,1.162,219.621,736.802,956.423,ibm.ibm_marrakesh,2026-07-12T15:22:56.302511+00:00
qaoa,15,2,12,11,1.172,220.902,792.799,1013.701,ibm.ibm_marrakesh,2026-07-12T15:22:57.319940+00:00
qaoa,15,3,12,11,1.222,214.232,708.573,922.805,ibm.ibm_marrakesh,2026-07-12T15:22:58.246395+00:00
qaoa,15,4,12,11,1.194,219.919,701.29,921.209,ibm.ibm_marrakesh,2026-07-12T15:22:59.171617+00:00
qaoa,15,5,12,11,1.202,218.839,739.317,958.155,ibm.ibm_marrakesh,2026-07-12T15:23:00.133725+00:00
qaoa,15,6,12,11,1.218,221.02,849.245,1070.265,ibm.ibm_marrakesh,2026-07-12T15:23:01.207669+00:00
qaoa,15,7,12,11,0.711,222.362,726.036,948.398,ibm.ibm_marrakesh,2026-07-12T15:23:02.158830+00:00
qaoa,15,8,12,11,1.129,221.069,688.914,909.983,ibm.ibm_marrakesh,2026-07-12T15:23:03.072373+00:00
qaoa,15,9,12,11,1.211,217.725,707.852,925.578,ibm.ibm_marrakesh,2026-07-12T15:23:04.001529+00:00
qaoa,15,10,12,11,1.255,220.851,693.884,914.736,ibm.ibm_marrakesh,2026-07-12T15:23:04.919849+00:00
qaoa,20,1,12,11,1.887,356.245,696.548,1052.793,braket.Forte_1,2026-07-12T15:23:05.977772+00:00
qaoa,20,2,12,11,1.867,359.006,713.388,1072.395,braket.Forte_1,2026-07-12T15:23:07.055187+00:00
qaoa,20,3,12,11,1.823,354.469,712.997,1067.465,braket.Forte_1,2026-07-12T15:23:08.127820+00:00
qaoa,20,4,12,11,1.891,358.365,717.349,1075.714,braket.Forte_1,2026-07-12T15:23:09.208836+00:00
qaoa,20,5,12,11,1.922,356.495,732.509,1089.004,braket.Forte_1,2026-07-12T15:23:10.303298+00:00
qaoa,20,6,12,11,1.886,356.543,709.765,1066.308,braket.Forte_1,2026-07-12T15:23:11.375047+00:00
qaoa,20,7,12,11,1.915,357.372,693.193,1050.565,braket.Forte_1,2026-07-12T15:23:12.431127+00:00
qaoa,20,8,12,11,1.849,361.078,705.834,1066.913,braket.Forte_1,2026-07-12T15:23:13.503151+00:00
qaoa,20,9,12,11,1.827,356.906,717.583,1074.489,braket.Forte_1,2026-07-12T15:23:14.582999+00:00
qaoa,20,10,12,11,1.907,358.958,723.391,1082.349,braket.Forte_1,2026-07-12T15:23:15.670454+00:00
qaoa,28,1,12,10,2.49,632.766,706.687,1339.453,braket.Forte_1,2026-07-12T15:23:17.018095+00:00
qaoa,28,2,12,10,2.123,628.853,768.715,1397.568,braket.Forte_1,2026-07-12T15:23:18.424206+00:00
qaoa,28,3,12,10,2.53,627.57,776.154,1403.724,braket.Forte_1,2026-07-12T15:23:19.835674+00:00
qaoa,28,4,12,10,2.349,631.159,1074.934,1706.093,braket.Forte_1,2026-07-12T15:23:21.550032+00:00
qaoa,28,5,12,10,2.468,628.519,807.687,1436.207,braket.Forte_1,2026-07-12T15:23:22.995305+00:00
qaoa,28,6,12,10,2.634,628.885,998.965,1627.85,braket.Forte_1,2026-07-12T15:23:24.631669+00:00
qaoa,28,7,12,10,2.439,632.946,782.879,1415.825,braket.Forte_1,2026-07-12T15:23:26.056071+00:00
qaoa,28,8,12,10,2.501,624.042,766.322,1390.364,braket.Forte_1,2026-07-12T15:23:27.454745+00:00
qaoa,28,9,12,10,2.651,635.248,778.147,1413.395,braket.Forte_1,2026-07-12T15:23:28.877183+00:00
qaoa,28,10,12,10,2.478,635.108,777.74,1412.848,braket.Forte_1,2026-07-12T15:23:30.298616+00:00
qaoa,36,1,12,10,3.388,990.593,711.959,1702.552,braket.Forte_1,2026-07-12T15:23:32.012727+00:00
qaoa,36,2,12,10,3.501,989.816,705.451,1695.267,braket.Forte_1,2026-07-12T15:23:33.720762+00:00
qaoa,36,3,12,10,3.37,987.629,706.195,1693.823,braket.Forte_1,2026-07-12T15:23:35.426160+00:00
qaoa,36,4,12,10,3.469,973.975,694.263,1668.237,braket.Forte_1,2026-07-12T15:23:37.102627+00:00
qaoa,36,5,12,10,3.203,986.835,713.292,1700.127,braket.Forte_1,2026-07-12T15:23:38.814205+00:00
qaoa,36,6,12,10,3.429,974.687,706.869,1681.556,braket.Forte_1,2026-07-12T15:23:40.506681+00:00
qaoa,36,7,12,10,2.767,980.235,714.817,1695.052,braket.Forte_1,2026-07-12T15:23:42.212961+00:00
qaoa,36,8,12,10,3.452,974.408,729.603,1704.01,braket.Forte_1,2026-07-12T15:23:43.927221+00:00
qaoa,36,9,12,10,2.99,997.4,720.938,1718.338,braket.Forte_1,2026-07-12T15:23:45.655608+00:00
qaoa,36,10,12,10,3.563,981.405,739.729,1721.134,braket.Forte_1,2026-07-12T15:23:47.387539+00:00
qaoa,53,1,12,8,2.898,2324.069,734.222,3058.292,ibm.ibm_kingston,2026-07-12T15:23:50.451811+00:00
qaoa,53,2,12,8,6.795,2313.565,736.749,3050.314,ibm.ibm_kingston,2026-07-12T15:23:53.518344+00:00
qaoa,53,3,12,8,6.332,2327.74,719.748,3047.488,ibm.ibm_kingston,2026-07-12T15:23:56.583309+00:00
qaoa,53,4,12,8,6.379,2306.433,730.026,3036.459,ibm.ibm_kingston,2026-07-12T15:23:59.636997+00:00
qaoa,53,5,12,8,6.307,2395.142,729.548,3124.689,ibm.ibm_kingston,2026-07-12T15:24:02.779779+00:00
qaoa,53,6,12,8,6.669,2327.617,737.824,3065.44,ibm.ibm_kingston,2026-07-12T15:24:05.862892+00:00
qaoa,53,7,12,8,4.377,2328.679,734.958,3063.637,ibm.ibm_kingston,2026-07-12T15:24:08.945105+00:00
qaoa,53,8,12,8,6.265,2326.624,712.33,3038.954,ibm.ibm_kingston,2026-07-12T15:24:12.000374+00:00
qaoa,53,9,12,8,5.762,2308.45,712.98,3021.43,ibm.ibm_kingston,2026-07-12T15:24:15.040255+00:00
qaoa,53,10,12,8,4.79,2333.657,726.381,3060.038,ibm.ibm_kingston,2026-07-12T15:24:18.117866+00:00
qaoa,65,1,12,7,6.966,2904.166,698.185,3602.351,ibm.ibm_kingston,2026-07-12T15:24:21.743281+00:00
qaoa,65,2,12,7,5.755,2932.503,692.048,3624.551,ibm.ibm_kingston,2026-07-12T15:24:25.388786+00:00
qaoa,65,3,12,7,7.991,2913.265,707.261,3620.526,ibm.ibm_kingston,2026-07-12T15:24:29.031323+00:00
qaoa,65,4,12,7,6.125,2944.612,688.403,3633.014,ibm.ibm_kingston,2026-07-12T15:24:32.687261+00:00
qaoa,65,5,12,7,4.707,2908.855,699.18,3608.035,ibm.ibm_kingston,2026-07-12T15:24:36.318688+00:00
qaoa,65,6,12,7,8.008,2936.241,704.882,3641.122,ibm.ibm_kingston,2026-07-12T15:24:39.981625+00:00
qaoa,65,7,12,7,3.788,2907.421,707.684,3615.105,ibm.ibm_kingston,2026-07-12T15:24:43.618044+00:00
qaoa,65,8,12,7,7.049,2931.715,721.144,3652.859,ibm.ibm_kingston,2026-07-12T15:24:47.293788+00:00
qaoa,65,9,12,7,6.971,2916.223,745.102,3661.326,ibm.ibm_kingston,2026-07-12T15:24:50.977536+00:00
qaoa,65,10,12,7,5.779,2948.443,734.755,3683.198,ibm.ibm_kingston,2026-07-12T15:24:54.681702+00:00
qaoa,84,1,12,7,9.675,4988.178,731.149,5719.327,ibm.ibm_kingston,2026-07-12T15:25:00.426112+00:00
qaoa,84,2,12,7,10.138,5030.246,722.997,5753.243,ibm.ibm_kingston,2026-07-12T15:25:06.211096+00:00
qaoa,84,3,12,7,10.09,4987.968,742.869,5730.836,ibm.ibm_kingston,2026-07-12T15:25:11.974055+00:00
qaoa,84,4,12,7,6.955,5015.229,713.472,5728.701,ibm.ibm_kingston,2026-07-12T15:25:17.730190+00:00
qaoa,84,5,12,7,10.242,4979.716,719.385,5699.102,ibm.ibm_kingston,2026-07-12T15:25:23.454982+00:00
qaoa,84,6,12,7,10.496,5038.949,705.072,5744.021,ibm.ibm_kingston,2026-07-12T15:25:29.229842+00:00
qaoa,84,7,12,7,10.82,4990.003,714.238,5704.241,ibm.ibm_kingston,2026-07-12T15:25:34.962575+00:00
qaoa,84,8,12,7,10.258,5046.787,709.823,5756.61,ibm.ibm_kingston,2026-07-12T15:25:40.747596+00:00
qaoa,84,9,12,7,10.409,4989.994,686.523,5676.516,ibm.ibm_kingston,2026-07-12T15:25:46.453260+00:00
qaoa,84,10,12,7,8.232,5040.233,690.3,5730.532,ibm.ibm_kingston,2026-07-12T15:25:52.212197+00:00
qaoa,107,1,12,7,10.316,8378.006,698.148,9076.155,ibm.ibm_kingston,2026-07-12T15:26:01.320196+00:00
qaoa,107,2,12,7,14.965,8434.492,721.116,9155.608,ibm.ibm_kingston,2026-07-12T15:26:10.515468+00:00
qaoa,107,3,12,7,13.948,8333.943,709.02,9042.962,ibm.ibm_kingston,2026-07-12T15:26:19.600216+00:00
qaoa,107,4,12,7,14.48,8456.049,719.616,9175.665,ibm.ibm_kingston,2026-07-12T15:26:28.818066+00:00
qaoa,107,5,12,7,14.248,8364.727,719.167,9083.894,ibm.ibm_kingston,2026-07-12T15:26:37.942987+00:00
qaoa,107,6,12,7,14.607,8437.047,705.387,9142.433,ibm.ibm_kingston,2026-07-12T15:26:47.127251+00:00
qaoa,107,7,12,7,13.941,8449.301,715.022,9164.323,ibm.ibm_kingston,2026-07-12T15:26:56.328644+00:00
qaoa,107,8,12,7,15.082,8429.692,691.129,9120.821,ibm.ibm_kingston,2026-07-12T15:27:05.488760+00:00
qaoa,107,9,12,7,14.422,8360.878,706.887,9067.765,ibm.ibm_kingston,2026-07-12T15:27:14.597764+00:00
qaoa,107,10,12,7,15.117,8418.256,713.249,9131.505,ibm.ibm_kingston,2026-07-12T15:27:23.768522+00:00
qaoa,156,1,12,6,22.814,16696.005,725.602,17421.606,ibm.ibm_aachen,2026-07-12T15:27:41.260159+00:00
qaoa,156,2,12,6,23.802,16902.403,706.096,17608.499,ibm.ibm_aachen,2026-07-12T15:27:58.940313+00:00
qaoa,156,3,12,6,22.939,16734.01,756.726,17490.736,ibm.ibm_aachen,2026-07-12T15:28:16.499643+00:00
qaoa,156,4,12,6,23.176,16913.007,728.616,17641.623,ibm.ibm_aachen,2026-07-12T15:28:34.207821+00:00
qaoa,156,5,12,6,22.704,16815.143,722.031,17537.173,ibm.ibm_aachen,2026-07-12T15:28:51.814266+00:00
qaoa,156,6,12,6,22.91,16886.319,735.12,17621.439,ibm.ibm_aachen,2026-07-12T15:29:09.504715+00:00
qaoa,156,7,12,6,22.36,16842.582,750.365,17592.947,ibm.ibm_aachen,2026-07-12T15:29:27.167359+00:00
qaoa,156,8,12,6,23.178,16904.129,730.67,17634.799,ibm.ibm_aachen,2026-07-12T15:29:44.871882+00:00
qaoa,156,9,12,6,22.56,16855.535,726.513,17582.048,ibm.ibm_aachen,2026-07-12T15:30:02.522194+00:00
qaoa,156,10,12,6,23.072,16909.12,725.908,17635.027,ibm.ibm_aachen,2026-07-12T15:30:20.231718+00:00
randomcircuit,2,1,12,12,0.107,59.946,715.21,775.157,ibm.ibm_aachen,2026-07-12T15:30:21.011757+00:00
randomcircuit,2,2,12,12,0.095,57.077,692.68,749.757,ibm.ibm_aachen,2026-07-12T15:30:21.763702+00:00
randomcircuit,2,3,12,12,0.112,57.318,693.138,750.456,ibm.ibm_aachen,2026-07-12T15:30:22.516561+00:00
randomcircuit,2,4,12,12,0.093,58.231,693.038,751.269,ibm.ibm_aachen,2026-07-12T15:30:23.269859+00:00
randomcircuit,2,5,12,12,0.092,59.908,703.93,763.838,ibm.ibm_aachen,2026-07-12T15:30:24.035649+00:00
randomcircuit,2,6,12,12,0.084,62.173,709.551,771.724,ibm.ibm_aachen,2026-07-12T15:30:24.809709+00:00
randomcircuit,2,7,12,12,0.101,60.022,705.454,765.476,ibm.ibm_aachen,2026-07-12T15:30:25.577562+00:00
randomcircuit,2,8,12,12,0.096,59.047,723.663,782.711,ibm.ibm_aachen,2026-07-12T15:30:26.362254+00:00
randomcircuit,2,9,12,12,0.113,58.442,722.244,780.687,ibm.ibm_aachen,2026-07-12T15:30:27.145074+00:00
randomcircuit,2,10,12,12,0.118,55.732,726.916,782.648,ibm.ibm_aachen,2026-07-12T15:30:27.930087+00:00
randomcircuit,4,1,12,12,0.228,136.319,723.916,860.235,ibm.ibm_kingston,2026-07-12T15:30:28.793089+00:00
randomcircuit,4,2,12,12,0.174,133.863,748.253,882.116,ibm.ibm_kingston,2026-07-12T15:30:29.678198+00:00
randomcircuit,4,3,12,12,0.169,136.003,734.157,870.16,ibm.ibm_kingston,2026-07-12T15:30:30.551431+00:00
randomcircuit,4,4,12,12,0.177,136.703,702.166,838.87,ibm.ibm_kingston,2026-07-12T15:30:31.393548+00:00
randomcircuit,4,5,12,12,0.169,138.525,726.044,864.569,ibm.ibm_kingston,2026-07-12T15:30:32.261097+00:00
randomcircuit,4,6,12,12,0.177,132.89,700.384,833.274,ibm.ibm_kingston,2026-07-12T15:30:33.097223+00:00
randomcircuit,4,7,12,12,0.167,135.889,703.04,838.929,ibm.ibm_kingston,2026-07-12T15:30:33.938910+00:00
randomcircuit,4,8,12,12,0.173,137.327,704.494,841.82,ibm.ibm_kingston,2026-07-12T15:30:34.783471+00:00
randomcircuit,4,9,12,12,0.152,135.109,720.087,855.196,ibm.ibm_kingston,2026-07-12T15:30:35.641308+00:00
randomcircuit,4,10,12,12,0.207,136.028,724.556,860.584,ibm.ibm_kingston,2026-07-12T15:30:36.505118+00:00
randomcircuit,8,1,12,12,0.462,400.799,733.436,1134.235,ibm.ibm_aachen,2026-07-12T15:30:37.643661+00:00
randomcircuit,8,2,12,12,0.408,321.443,723.595,1045.038,ibm.ibm_aachen,2026-07-12T15:30:38.692852+00:00
randomcircuit,8,3,12,12,0.434,311.93,743.015,1054.944,ibm.ibm_aachen,2026-07-12T15:30:39.752290+00:00
randomcircuit,8,4,12,12,0.401,316.846,752.371,1069.216,ibm.ibm_aachen,2026-07-12T15:30:40.825905+00:00
randomcircuit,8,5,12,12,0.403,313.506,714.754,1028.26,ibm.ibm_aachen,2026-07-12T15:30:41.858324+00:00
randomcircuit,8,6,12,12,0.421,315.503,710.635,1026.138,ibm.ibm_aachen,2026-07-12T15:30:42.888610+00:00
randomcircuit,8,7,12,12,0.395,312.473,716.672,1029.146,ibm.ibm_aachen,2026-07-12T15:30:43.921837+00:00
randomcircuit,8,8,12,12,0.398,386.566,712.659,1099.225,ibm.ibm_aachen,2026-07-12T15:30:45.025180+00:00
randomcircuit,8,9,12,12,0.394,313.595,716.758,1030.353,ibm.ibm_aachen,2026-07-12T15:30:46.059605+00:00
randomcircuit,8,10,12,12,0.4,310.87,700.483,1011.353,ibm.ibm_aachen,2026-07-12T15:30:47.075125+00:00
randomcircuit,12,1,12,12,0.816,643.52,689.583,1333.103,braket.Forte_1,2026-07-12T15:30:48.413701+00:00
randomcircuit,12,2,12,12,0.753,650.2,713.345,1363.545,braket.Forte_1,2026-07-12T15:30:49.783133+00:00
randomcircuit,12,3,12,12,0.744,719.138,732.254,1451.392,braket.Forte_1,2026-07-12T15:30:51.240576+00:00
randomcircuit,12,4,12,12,0.784,649.337,715.031,1364.368,braket.Forte_1,2026-07-12T15:30:52.610868+00:00
randomcircuit,12,5,12,12,0.762,644.104,719.628,1363.732,braket.Forte_1,2026-07-12T15:30:53.979925+00:00
randomcircuit,12,6,12,12,0.74,720.458,699.958,1420.417,braket.Forte_1,2026-07-12T15:30:55.406296+00:00
randomcircuit,12,7,12,12,0.823,643.34,709.183,1352.523,braket.Forte_1,2026-07-12T15:30:56.765142+00:00
randomcircuit,12,8,12,12,0.763,648.968,727.132,1376.1,braket.Forte_1,2026-07-12T15:30:58.146597+00:00
randomcircuit,12,9,12,12,0.757,713.661,727.699,1441.361,braket.Forte_1,2026-07-12T15:30:59.593460+00:00
randomcircuit,12,10,12,12,0.779,652.485,725.199,1377.684,braket.Forte_1,2026-07-12T15:31:00.977258+00:00
randomcircuit,15,1,12,11,1.126,1064.036,709.548,1773.583,braket.Forte_1,2026-07-12T15:31:02.757746+00:00
randomcircuit,15,2,12,11,1.179,1141.818,709.541,1851.36,braket.Forte_1,2026-07-12T15:31:04.616159+00:00
randomcircuit,15,3,12,11,1.014,1134.214,716.31,1850.524,braket.Forte_1,2026-07-12T15:31:06.474925+00:00
randomcircuit,15,4,12,11,1.141,1069.467,712.851,1782.318,braket.Forte_1,2026-07-12T15:31:08.264223+00:00
randomcircuit,15,5,12,11,0.962,1134.356,727.87,1862.226,braket.Forte_1,2026-07-12T15:31:10.135350+00:00
randomcircuit,15,6,12,11,1.163,1073.061,688.236,1761.298,braket.Forte_1,2026-07-12T15:31:11.903324+00:00
randomcircuit,15,7,12,11,0.907,1134.662,699.785,1834.447,braket.Forte_1,2026-07-12T15:31:13.745899+00:00
randomcircuit,15,8,12,11,1.112,1070.797,692.703,1763.5,braket.Forte_1,2026-07-12T15:31:15.515942+00:00
randomcircuit,15,9,12,11,1.17,1137.116,708.187,1845.303,braket.Forte_1,2026-07-12T15:31:17.368252+00:00
randomcircuit,15,10,12,11,0.956,1071.526,730.492,1802.018,braket.Forte_1,2026-07-12T15:31:19.177951+00:00
randomcircuit,20,1,12,11,1.417,1996.429,727.501,2723.93,braket.Forte_1,2026-07-12T15:31:21.911527+00:00
randomcircuit,20,2,12,11,1.352,2018.542,695.861,2714.403,braket.Forte_1,2026-07-12T15:31:24.635086+00:00
randomcircuit,20,3,12,11,1.53,1998.695,694.682,2693.377,braket.Forte_1,2026-07-12T15:31:27.337962+00:00
randomcircuit,20,4,12,11,1.526,2014.784,966.135,2980.919,braket.Forte_1,2026-07-12T15:31:30.328018+00:00
randomcircuit,20,5,12,11,1.478,1995.935,1018.502,3014.437,braket.Forte_1,2026-07-12T15:31:33.351513+00:00
randomcircuit,20,6,12,11,1.416,2013.11,748.894,2762.004,braket.Forte_1,2026-07-12T15:31:36.123040+00:00
randomcircuit,20,7,12,11,1.441,2001.379,728.146,2729.525,braket.Forte_1,2026-07-12T15:31:38.861856+00:00
randomcircuit,20,8,12,11,1.484,2014.436,710.154,2724.59,braket.Forte_1,2026-07-12T15:31:41.596018+00:00
randomcircuit,20,9,12,11,1.373,2009.04,720.897,2729.937,braket.Forte_1,2026-07-12T15:31:44.336508+00:00
randomcircuit,20,10,12,11,1.208,2016.862,721.237,2738.099,braket.Forte_1,2026-07-12T15:31:47.084456+00:00
randomcircuit,28,1,12,10,2.389,3667.002,733.187,4400.189,braket.Forte_1,2026-07-12T15:31:51.497132+00:00
randomcircuit,28,2,12,10,2.61,3665.776,735.654,4401.43,braket.Forte_1,2026-07-12T15:31:55.912347+00:00
randomcircuit,28,3,12,10,2.392,3590.611,721.239,4311.85,braket.Forte_1,2026-07-12T15:32:00.237639+00:00
randomcircuit,28,4,12,10,2.142,3653.225,728.177,4381.402,braket.Forte_1,2026-07-12T15:32:04.632033+00:00
randomcircuit,28,5,12,10,2.401,3651.262,730.035,4381.297,braket.Forte_1,2026-07-12T15:32:09.026437+00:00
randomcircuit,28,6,12,10,2.191,3665.156,719.895,4385.051,braket.Forte_1,2026-07-12T15:32:13.424105+00:00
randomcircuit,28,7,12,10,2.317,3687.114,704.362,4391.476,braket.Forte_1,2026-07-12T15:32:17.827756+00:00
randomcircuit,28,8,12,10,2.142,3595.624,741.692,4337.316,braket.Forte_1,2026-07-12T15:32:22.177752+00:00
randomcircuit,28,9,12,10,2.404,3675.778,701.859,4377.638,braket.Forte_1,2026-07-12T15:32:26.569318+00:00
randomcircuit,28,10,12,10,2.229,3668.038,708.495,4376.533,braket.Forte_1,2026-07-12T15:32:30.959259+00:00
randomcircuit,36,1,12,10,3.271,6781.879,740.061,7521.94,braket.Forte_1,2026-07-12T15:32:38.499003+00:00
randomcircuit,36,2,12,10,3.142,6798.74,760.524,7559.264,braket.Forte_1,2026-07-12T15:32:46.075338+00:00
randomcircuit,36,3,12,10,3.275,6784.499,715.25,7499.75,braket.Forte_1,2026-07-12T15:32:53.592048+00:00
randomcircuit,36,4,12,10,2.862,6910.619,702.921,7613.54,braket.Forte_1,2026-07-12T15:33:01.223223+00:00
randomcircuit,36,5,12,10,1.84,6772.98,729.787,7502.767,braket.Forte_1,2026-07-12T15:33:08.741319+00:00
randomcircuit,36,6,12,10,1.62,6847.03,730.422,7577.452,braket.Forte_1,2026-07-12T15:33:16.337415+00:00
randomcircuit,36,7,12,10,2.666,6821.033,740.385,7561.418,braket.Forte_1,2026-07-12T15:33:23.915555+00:00
randomcircuit,36,8,12,10,3.504,6839.711,713.858,7553.568,braket.Forte_1,2026-07-12T15:33:31.485800+00:00
randomcircuit,36,9,12,10,2.322,6757.365,732.851,7490.215,braket.Forte_1,2026-07-12T15:33:38.992237+00:00
randomcircuit,36,10,12,10,2.641,6820.506,718.879,7539.385,braket.Forte_1,2026-07-12T15:33:46.547862+00:00
randomcircuit,53,1,12,8,5.316,12790.197,700.564,13490.761,ibm.ibm_kingston,2026-07-12T15:34:00.063305+00:00
randomcircuit,53,2,12,8,3.582,12811.845,699.579,13511.424,ibm.ibm_kingston,2026-07-12T15:34:13.599312+00:00
randomcircuit,53,3,12,8,3.773,12742.184,723.971,13466.155,ibm.ibm_kingston,2026-07-12T15:34:27.092164+00:00
randomcircuit,53,4,12,8,3.005,12819.159,710.851,13530.01,ibm.ibm_kingston,2026-07-12T15:34:40.649594+00:00
randomcircuit,53,5,12,8,5.169,12741.692,695.22,13436.912,ibm.ibm_kingston,2026-07-12T15:34:54.111632+00:00
randomcircuit,53,6,12,8,4.755,12881.254,855.208,13736.463,ibm.ibm_kingston,2026-07-12T15:35:07.868370+00:00
randomcircuit,53,7,12,8,4.397,12764.392,720.706,13485.098,ibm.ibm_kingston,2026-07-12T15:35:21.378786+00:00
randomcircuit,53,8,12,8,3.839,12855.494,704.812,13560.306,ibm.ibm_kingston,2026-07-12T15:35:34.964078+00:00
randomcircuit,53,9,12,8,5.454,12799.245,702.459,13501.704,ibm.ibm_kingston,2026-07-12T15:35:48.492290+00:00
randomcircuit,53,10,12,8,5.519,12876.317,697.33,13573.648,ibm.ibm_kingston,2026-07-12T15:36:02.093176+00:00
randomcircuit,65,1,12,7,5.457,18084.86,761.683,18846.544,ibm.ibm_kingston,2026-07-12T15:36:20.969435+00:00
randomcircuit,65,2,12,7,7.503,18355.292,724.641,19079.933,ibm.ibm_kingston,2026-07-12T15:36:40.079477+00:00
randomcircuit,65,3,12,7,7.683,18082.879,740.728,18823.607,ibm.ibm_kingston,2026-07-12T15:36:58.932742+00:00
randomcircuit,65,4,12,7,6.239,18187.765,720.652,18908.416,ibm.ibm_kingston,2026-07-12T15:37:17.873631+00:00
randomcircuit,65,5,12,7,4.931,18065.945,1104.934,19170.879,ibm.ibm_kingston,2026-07-12T15:37:37.072202+00:00
randomcircuit,65,6,12,7,6.609,18188.885,710.341,18899.225,ibm.ibm_kingston,2026-07-12T15:37:55.999286+00:00
randomcircuit,65,7,12,7,5.999,18018.97,752.711,18771.681,ibm.ibm_kingston,2026-07-12T15:38:14.803608+00:00
randomcircuit,65,8,12,7,7.598,18196.966,731.212,18928.179,ibm.ibm_kingston,2026-07-12T15:38:33.761603+00:00
randomcircuit,65,9,12,7,7.063,18104.366,735.713,18840.08,ibm.ibm_kingston,2026-07-12T15:38:52.631351+00:00
randomcircuit,65,10,12,7,7.43,18379.126,781.32,19160.445,ibm.ibm_kingston,2026-07-12T15:39:11.821794+00:00
randomcircuit,84,1,12,7,10.358,33744.8,862.901,34607.702,ibm.ibm_kingston,2026-07-12T15:39:46.471150+00:00
randomcircuit,84,2,12,7,10.384,33791.169,721.131,34512.3,ibm.ibm_kingston,2026-07-12T15:40:21.024484+00:00
randomcircuit,84,3,12,7,9.898,33550.47,734.866,34285.335,ibm.ibm_kingston,2026-07-12T15:40:55.354437+00:00
randomcircuit,84,4,12,7,10.543,33806.835,730.838,34537.672,ibm.ibm_kingston,2026-07-12T15:41:29.934027+00:00
randomcircuit,84,5,12,7,10.213,33620.937,817.265,34438.202,ibm.ibm_kingston,2026-07-12T15:42:04.412282+00:00
randomcircuit,84,6,12,7,10.702,33916.853,779.182,34696.036,ibm.ibm_kingston,2026-07-12T15:42:39.147705+00:00
randomcircuit,84,7,12,7,11.189,33645.783,890.607,34536.39,ibm.ibm_kingston,2026-07-12T15:43:13.718797+00:00
randomcircuit,84,8,12,7,10.607,33964.475,702.955,34667.431,ibm.ibm_kingston,2026-07-12T15:43:48.426579+00:00
randomcircuit,84,9,12,7,10.499,33602.622,774.203,34376.825,ibm.ibm_kingston,2026-07-12T15:44:22.844031+00:00
randomcircuit,84,10,12,7,10.477,33790.299,975.551,34765.85,ibm.ibm_kingston,2026-07-12T15:44:57.651364+00:00
randomcircuit,107,1,12,7,14.235,60529.943,726.33,61256.274,braket.Cepheus-1-108Q,2026-07-12T15:45:58.958612+00:00
randomcircuit,107,2,12,7,12.605,60779.712,1378.805,62158.517,braket.Cepheus-1-108Q,2026-07-12T15:47:01.188924+00:00
randomcircuit,107,3,12,7,14.099,60445.547,724.061,61169.608,braket.Cepheus-1-108Q,2026-07-12T15:48:02.413168+00:00
randomcircuit,107,4,12,7,15.018,60797.987,703.658,61501.645,braket.Cepheus-1-108Q,2026-07-12T15:49:03.961791+00:00
randomcircuit,107,5,12,7,12.479,60511.973,710.371,61222.344,braket.Cepheus-1-108Q,2026-07-12T15:50:05.253971+00:00
randomcircuit,107,6,12,7,14.039,60991.96,696.075,61688.036,braket.Cepheus-1-108Q,2026-07-12T15:51:06.999549+00:00
randomcircuit,107,7,12,7,13.689,60320.721,717.513,61038.234,braket.Cepheus-1-108Q,2026-07-12T15:52:08.096060+00:00
randomcircuit,107,8,12,7,13.274,60699.678,743.854,61443.532,braket.Cepheus-1-108Q,2026-07-12T15:53:09.597981+00:00
randomcircuit,107,9,12,7,14.022,60287.389,704.378,60991.766,braket.Cepheus-1-108Q,2026-07-12T15:54:10.643061+00:00
randomcircuit,107,10,12,7,13.838,61067.647,700.825,61768.472,braket.Cepheus-1-108Q,2026-07-12T15:55:12.468203+00:00
randomcircuit,156,1,12,6,25.414,144632.915,693.482,145326.397,ibm.ibm_fez,2026-07-12T15:57:38.001100+00:00
randomcircuit,156,2,12,6,25.138,145738.903,701.285,146440.188,ibm.ibm_fez,2026-07-12T16:00:04.533710+00:00
randomcircuit,156,3,12,6,24.782,143712.671,698.966,144411.637,ibm.ibm_fez,2026-07-12T16:02:29.036854+00:00
randomcircuit,156,4,12,6,25.583,145174.699,736.873,145911.571,ibm.ibm_fez,2026-07-12T16:04:55.071044+00:00
randomcircuit,156,5,12,6,24.632,144166.806,716.944,144883.75,ibm.ibm_fez,2026-07-12T16:07:20.044337+00:00
randomcircuit,156,6,12,6,24.987,145129.367,712.045,145841.412,ibm.ibm_fez,2026-07-12T16:09:45.974452+00:00
randomcircuit,156,7,12,6,25.045,144204.533,716.88,144921.414,ibm.ibm_fez,2026-07-12T16:12:11.015743+00:00
randomcircuit,156,8,12,6,25.055,144977.578,773.705,145751.283,ibm.ibm_fez,2026-07-12T16:14:36.851410+00:00
randomcircuit,156,9,12,6,25.084,143822.431,738.978,144561.409,ibm.ibm_fez,2026-07-12T16:17:01.502737+00:00
randomcircuit,156,10,12,6,25.87,145106.225,712.097,145818.322,ibm.ibm_fez,2026-07-12T16:19:27.462797+00:00
