config_name,w_cost,w_fidelity,w_queue,selected_candidate_id,expected_fidelity,cost,queue,critical_depth,estimated_success_probability,num_qubits,operational,depth_feasible,calibration_age_hours,expected_fidelity_normalized,cost_normalized,queue_normalized,critical_depth_normalized,estimated_success_probability_normalized
"w_cost=0.0,w_fidelity=0.0,w_queue=1.0",0.0,0.0,1.0,ibm.ibm_aachen,0.027616743603257676,3.2569573376000003,0.0,0.32105263157894737,0.027616743603257676,156.0,1.0,1.0,0.30544439,0.056134324831242616,0.9690524203581526,1.0,0.9839816933638443,0.056134324831242616
"w_cost=0.0,w_fidelity=0.1,w_queue=0.9",0.0,0.1,0.9,braket.Forte_1,0.491976053622846,82.22,0.0,0.31,0.491976053622846,36.0,1.0,1.0,43.31016820972222,1.0,0.0,1.0,1.0,1.0
"w_cost=0.0,w_fidelity=0.2,w_queue=0.8",0.0,0.2,0.8,braket.Forte_1,0.491976053622846,82.22,0.0,0.31,0.491976053622846,36.0,1.0,1.0,43.31016820972222,1.0,0.0,1.0,1.0,1.0
"w_cost=0.0,w_fidelity=0.3,w_queue=0.7",0.0,0.3,0.7,braket.Forte_1,0.491976053622846,82.22,0.0,0.31,0.491976053622846,36.0,1.0,1.0,43.31016820972222,1.0,0.0,1.0,1.0,1.0
"w_cost=0.0,w_fidelity=0.4,w_queue=0.6",0.0,0.4,0.6,braket.Forte_1,0.491976053622846,82.22,0.0,0.31,0.491976053622846,36.0,1.0,1.0,43.31016820972222,1.0,0.0,1.0,1.0,1.0
"w_cost=0.0,w_fidelity=0.5,w_queue=0.5",0.0,0.5,0.5,braket.Forte_1,0.491976053622846,82.22,0.0,0.31,0.491976053622846,36.0,1.0,1.0,43.31016820972222,1.0,0.0,1.0,1.0,1.0
"w_cost=0.0,w_fidelity=0.6,w_queue=0.4",0.0,0.6,0.4,braket.Forte_1,0.491976053622846,82.22,0.0,0.31,0.491976053622846,36.0,1.0,1.0,43.31016820972222,1.0,0.0,1.0,1.0,1.0
"w_cost=0.0,w_fidelity=0.7,w_queue=0.3",0.0,0.7,0.3,braket.Forte_1,0.491976053622846,82.22,0.0,0.31,0.491976053622846,36.0,1.0,1.0,43.31016820972222,1.0,0.0,1.0,1.0,1.0
"w_cost=0.0,w_fidelity=0.8,w_queue=0.2",0.0,0.8,0.2,braket.Forte_1,0.491976053622846,82.22,0.0,0.31,0.491976053622846,36.0,1.0,1.0,43.31016820972222,1.0,0.0,1.0,1.0,1.0
"w_cost=0.0,w_fidelity=0.9,w_queue=0.1",0.0,0.9,0.1,braket.Forte_1,0.491976053622846,82.22,0.0,0.31,0.491976053622846,36.0,1.0,1.0,43.31016820972222,1.0,0.0,1.0,1.0,1.0
"w_cost=0.0,w_fidelity=1.0,w_queue=0.0",0.0,1.0,0.0,braket.Forte_1,0.491976053622846,82.22,0.0,0.31,0.491976053622846,36.0,1.0,1.0,43.31016820972222,1.0,0.0,1.0,1.0,1.0
"w_cost=0.1,w_fidelity=0.0,w_queue=0.9",0.1,0.0,0.9,braket.Cepheus-1-108Q,8.730225292259768e-48,0.7352,0.0,0.4006069802731411,8.730225292259768e-48,107.0,1.0,1.0,0.2762852780555555,1.774522403676267e-47,1.0,1.0,0.8686855358360274,1.774522403676267e-47
"w_cost=0.1,w_fidelity=0.1,w_queue=0.8",0.1,0.1,0.8,ibm.ibm_aachen,0.027616743603257676,3.2569573376000003,0.0,0.32105263157894737,0.027616743603257676,156.0,1.0,1.0,0.30544439,0.056134324831242616,0.9690524203581526,1.0,0.9839816933638443,0.056134324831242616
"w_cost=0.1,w_fidelity=0.2,w_queue=0.7",0.1,0.2,0.7,braket.Forte_1,0.491976053622846,82.22,0.0,0.31,0.491976053622846,36.0,1.0,1.0,43.31016820972222,1.0,0.0,1.0,1.0,1.0
"w_cost=0.1,w_fidelity=0.3,w_queue=0.6",0.1,0.3,0.6,braket.Forte_1,0.491976053622846,82.22,0.0,0.31,0.491976053622846,36.0,1.0,1.0,43.31016820972222,1.0,0.0,1.0,1.0,1.0
"w_cost=0.1,w_fidelity=0.4,w_queue=0.5",0.1,0.4,0.5,braket.Forte_1,0.491976053622846,82.22,0.0,0.31,0.491976053622846,36.0,1.0,1.0,43.31016820972222,1.0,0.0,1.0,1.0,1.0
"w_cost=0.1,w_fidelity=0.5,w_queue=0.4",0.1,0.5,0.4,braket.Forte_1,0.491976053622846,82.22,0.0,0.31,0.491976053622846,36.0,1.0,1.0,43.31016820972222,1.0,0.0,1.0,1.0,1.0
"w_cost=0.1,w_fidelity=0.6,w_queue=0.3",0.1,0.6,0.3,braket.Forte_1,0.491976053622846,82.22,0.0,0.31,0.491976053622846,36.0,1.0,1.0,43.31016820972222,1.0,0.0,1.0,1.0,1.0
"w_cost=0.1,w_fidelity=0.7,w_queue=0.2",0.1,0.7,0.2,braket.Forte_1,0.491976053622846,82.22,0.0,0.31,0.491976053622846,36.0,1.0,1.0,43.31016820972222,1.0,0.0,1.0,1.0,1.0
"w_cost=0.1,w_fidelity=0.8,w_queue=0.1",0.1,0.8,0.1,braket.Forte_1,0.491976053622846,82.22,0.0,0.31,0.491976053622846,36.0,1.0,1.0,43.31016820972222,1.0,0.0,1.0,1.0,1.0
"w_cost=0.1,w_fidelity=0.9,w_queue=0.0",0.1,0.9,0.0,braket.Forte_1,0.491976053622846,82.22,0.0,0.31,0.491976053622846,36.0,1.0,1.0,43.31016820972222,1.0,0.0,1.0,1.0,1.0
"w_cost=0.2,w_fidelity=0.0,w_queue=0.8",0.2,0.0,0.8,braket.Cepheus-1-108Q,8.730225292259768e-48,0.7352,0.0,0.4006069802731411,8.730225292259768e-48,107.0,1.0,1.0,0.2762852780555555,1.774522403676267e-47,1.0,1.0,0.8686855358360274,1.774522403676267e-47
"w_cost=0.2,w_fidelity=0.1,w_queue=0.7",0.2,0.1,0.7,braket.Cepheus-1-108Q,8.730225292259768e-48,0.7352,0.0,0.4006069802731411,8.730225292259768e-48,107.0,1.0,1.0,0.2762852780555555,1.774522403676267e-47,1.0,1.0,0.8686855358360274,1.774522403676267e-47
"w_cost=0.2,w_fidelity=0.2,w_queue=0.6",0.2,0.2,0.6,ibm.ibm_marrakesh,0.08800191730188456,3.2608239616,47.0,0.32105263157894737,0.08800191730188456,156.0,1.0,1.0,1.57126433,0.17887439165758207,0.9690049682689287,0.972106824925816,0.9839816933638443,0.17887439165758207
"w_cost=0.2,w_fidelity=0.3,w_queue=0.5",0.2,0.3,0.5,braket.Forte_1,0.491976053622846,82.22,0.0,0.31,0.491976053622846,36.0,1.0,1.0,43.31016820972222,1.0,0.0,1.0,1.0,1.0
"w_cost=0.2,w_fidelity=0.4,w_queue=0.4",0.2,0.4,0.4,braket.Forte_1,0.491976053622846,82.22,0.0,0.31,0.491976053622846,36.0,1.0,1.0,43.31016820972222,1.0,0.0,1.0,1.0,1.0
"w_cost=0.2,w_fidelity=0.5,w_queue=0.3",0.2,0.5,0.3,braket.Forte_1,0.491976053622846,82.22,0.0,0.31,0.491976053622846,36.0,1.0,1.0,43.31016820972222,1.0,0.0,1.0,1.0,1.0
"w_cost=0.2,w_fidelity=0.6,w_queue=0.2",0.2,0.6,0.2,braket.Forte_1,0.491976053622846,82.22,0.0,0.31,0.491976053622846,36.0,1.0,1.0,43.31016820972222,1.0,0.0,1.0,1.0,1.0
"w_cost=0.2,w_fidelity=0.7,w_queue=0.1",0.2,0.7,0.1,braket.Forte_1,0.491976053622846,82.22,0.0,0.31,0.491976053622846,36.0,1.0,1.0,43.31016820972222,1.0,0.0,1.0,1.0,1.0
"w_cost=0.2,w_fidelity=0.8,w_queue=0.0",0.2,0.8,0.0,braket.Forte_1,0.491976053622846,82.22,0.0,0.31,0.491976053622846,36.0,1.0,1.0,43.31016820972222,1.0,0.0,1.0,1.0,1.0
"w_cost=0.3,w_fidelity=0.0,w_queue=0.7",0.3,0.0,0.7,braket.Cepheus-1-108Q,8.730225292259768e-48,0.7352,0.0,0.4006069802731411,8.730225292259768e-48,107.0,1.0,1.0,0.2762852780555555,1.774522403676267e-47,1.0,1.0,0.8686855358360274,1.774522403676267e-47
"w_cost=0.3,w_fidelity=0.1,w_queue=0.6",0.3,0.1,0.6,braket.Cepheus-1-108Q,8.730225292259768e-48,0.7352,0.0,0.4006069802731411,8.730225292259768e-48,107.0,1.0,1.0,0.2762852780555555,1.774522403676267e-47,1.0,1.0,0.8686855358360274,1.774522403676267e-47
"w_cost=0.3,w_fidelity=0.2,w_queue=0.5",0.3,0.2,0.5,ibm.ibm_marrakesh,0.08800191730188456,3.2608239616,47.0,0.32105263157894737,0.08800191730188456,156.0,1.0,1.0,1.57126433,0.17887439165758207,0.9690049682689287,0.972106824925816,0.9839816933638443,0.17887439165758207
"w_cost=0.3,w_fidelity=0.3,w_queue=0.4",0.3,0.3,0.4,ibm.ibm_marrakesh,0.08800191730188456,3.2608239616,47.0,0.32105263157894737,0.08800191730188456,156.0,1.0,1.0,1.57126433,0.17887439165758207,0.9690049682689287,0.972106824925816,0.9839816933638443,0.17887439165758207
"w_cost=0.3,w_fidelity=0.4,w_queue=0.3",0.3,0.4,0.3,braket.Forte_1,0.491976053622846,82.22,0.0,0.31,0.491976053622846,36.0,1.0,1.0,43.31016820972222,1.0,0.0,1.0,1.0,1.0
"w_cost=0.3,w_fidelity=0.5,w_queue=0.2",0.3,0.5,0.2,braket.Forte_1,0.491976053622846,82.22,0.0,0.31,0.491976053622846,36.0,1.0,1.0,43.31016820972222,1.0,0.0,1.0,1.0,1.0
"w_cost=0.3,w_fidelity=0.6,w_queue=0.1",0.3,0.6,0.1,braket.Forte_1,0.491976053622846,82.22,0.0,0.31,0.491976053622846,36.0,1.0,1.0,43.31016820972222,1.0,0.0,1.0,1.0,1.0
"w_cost=0.3,w_fidelity=0.7,w_queue=0.0",0.3,0.7,0.0,braket.Forte_1,0.491976053622846,82.22,0.0,0.31,0.491976053622846,36.0,1.0,1.0,43.31016820972222,1.0,0.0,1.0,1.0,1.0
"w_cost=0.4,w_fidelity=0.0,w_queue=0.6",0.4,0.0,0.6,braket.Cepheus-1-108Q,8.730225292259768e-48,0.7352,0.0,0.4006069802731411,8.730225292259768e-48,107.0,1.0,1.0,0.2762852780555555,1.774522403676267e-47,1.0,1.0,0.8686855358360274,1.774522403676267e-47
"w_cost=0.4,w_fidelity=0.1,w_queue=0.5",0.4,0.1,0.5,braket.Cepheus-1-108Q,8.730225292259768e-48,0.7352,0.0,0.4006069802731411,8.730225292259768e-48,107.0,1.0,1.0,0.2762852780555555,1.774522403676267e-47,1.0,1.0,0.8686855358360274,1.774522403676267e-47
"w_cost=0.4,w_fidelity=0.2,w_queue=0.4",0.4,0.2,0.4,ibm.ibm_marrakesh,0.08800191730188456,3.2608239616,47.0,0.32105263157894737,0.08800191730188456,156.0,1.0,1.0,1.57126433,0.17887439165758207,0.9690049682689287,0.972106824925816,0.9839816933638443,0.17887439165758207
"w_cost=0.4,w_fidelity=0.3,w_queue=0.3",0.4,0.3,0.3,ibm.ibm_marrakesh,0.08800191730188456,3.2608239616,47.0,0.32105263157894737,0.08800191730188456,156.0,1.0,1.0,1.57126433,0.17887439165758207,0.9690049682689287,0.972106824925816,0.9839816933638443,0.17887439165758207
"w_cost=0.4,w_fidelity=0.4,w_queue=0.2",0.4,0.4,0.2,ibm.ibm_marrakesh,0.08800191730188456,3.2608239616,47.0,0.32105263157894737,0.08800191730188456,156.0,1.0,1.0,1.57126433,0.17887439165758207,0.9690049682689287,0.972106824925816,0.9839816933638443,0.17887439165758207
"w_cost=0.4,w_fidelity=0.5,w_queue=0.1",0.4,0.5,0.1,braket.Forte_1,0.491976053622846,82.22,0.0,0.31,0.491976053622846,36.0,1.0,1.0,43.31016820972222,1.0,0.0,1.0,1.0,1.0
"w_cost=0.4,w_fidelity=0.6,w_queue=0.0",0.4,0.6,0.0,braket.Forte_1,0.491976053622846,82.22,0.0,0.31,0.491976053622846,36.0,1.0,1.0,43.31016820972222,1.0,0.0,1.0,1.0,1.0
"w_cost=0.5,w_fidelity=0.0,w_queue=0.5",0.5,0.0,0.5,braket.Cepheus-1-108Q,8.730225292259768e-48,0.7352,0.0,0.4006069802731411,8.730225292259768e-48,107.0,1.0,1.0,0.2762852780555555,1.774522403676267e-47,1.0,1.0,0.8686855358360274,1.774522403676267e-47
"w_cost=0.5,w_fidelity=0.1,w_queue=0.4",0.5,0.1,0.4,braket.Cepheus-1-108Q,8.730225292259768e-48,0.7352,0.0,0.4006069802731411,8.730225292259768e-48,107.0,1.0,1.0,0.2762852780555555,1.774522403676267e-47,1.0,1.0,0.8686855358360274,1.774522403676267e-47
"w_cost=0.5,w_fidelity=0.2,w_queue=0.3",0.5,0.2,0.3,ibm.ibm_marrakesh,0.08800191730188456,3.2608239616,47.0,0.32105263157894737,0.08800191730188456,156.0,1.0,1.0,1.57126433,0.17887439165758207,0.9690049682689287,0.972106824925816,0.9839816933638443,0.17887439165758207
"w_cost=0.5,w_fidelity=0.3,w_queue=0.2",0.5,0.3,0.2,ibm.ibm_marrakesh,0.08800191730188456,3.2608239616,47.0,0.32105263157894737,0.08800191730188456,156.0,1.0,1.0,1.57126433,0.17887439165758207,0.9690049682689287,0.972106824925816,0.9839816933638443,0.17887439165758207
"w_cost=0.5,w_fidelity=0.4,w_queue=0.1",0.5,0.4,0.1,ibm.ibm_marrakesh,0.08800191730188456,3.2608239616,47.0,0.32105263157894737,0.08800191730188456,156.0,1.0,1.0,1.57126433,0.17887439165758207,0.9690049682689287,0.972106824925816,0.9839816933638443,0.17887439165758207
"w_cost=0.5,w_fidelity=0.5,w_queue=0.0",0.5,0.5,0.0,ibm.ibm_pittsburgh,0.09928209016188187,3.2678035456000005,1685.0,0.32105263157894737,0.09928209016188187,156.0,1.0,1.0,1.2076468094444444,0.20180268822187952,0.9689193132265158,0.0,0.9839816933638443,0.20180268822187952
"w_cost=0.6,w_fidelity=0.0,w_queue=0.4",0.6,0.0,0.4,braket.Cepheus-1-108Q,8.730225292259768e-48,0.7352,0.0,0.4006069802731411,8.730225292259768e-48,107.0,1.0,1.0,0.2762852780555555,1.774522403676267e-47,1.0,1.0,0.8686855358360274,1.774522403676267e-47
"w_cost=0.6,w_fidelity=0.1,w_queue=0.3",0.6,0.1,0.3,braket.Cepheus-1-108Q,8.730225292259768e-48,0.7352,0.0,0.4006069802731411,8.730225292259768e-48,107.0,1.0,1.0,0.2762852780555555,1.774522403676267e-47,1.0,1.0,0.8686855358360274,1.774522403676267e-47
"w_cost=0.6,w_fidelity=0.2,w_queue=0.2",0.6,0.2,0.2,ibm.ibm_marrakesh,0.08800191730188456,3.2608239616,47.0,0.32105263157894737,0.08800191730188456,156.0,1.0,1.0,1.57126433,0.17887439165758207,0.9690049682689287,0.972106824925816,0.9839816933638443,0.17887439165758207
"w_cost=0.6,w_fidelity=0.3,w_queue=0.1",0.6,0.3,0.1,ibm.ibm_marrakesh,0.08800191730188456,3.2608239616,47.0,0.32105263157894737,0.08800191730188456,156.0,1.0,1.0,1.57126433,0.17887439165758207,0.9690049682689287,0.972106824925816,0.9839816933638443,0.17887439165758207
"w_cost=0.6,w_fidelity=0.4,w_queue=0.0",0.6,0.4,0.0,ibm.ibm_pittsburgh,0.09928209016188187,3.2678035456000005,1685.0,0.32105263157894737,0.09928209016188187,156.0,1.0,1.0,1.2076468094444444,0.20180268822187952,0.9689193132265158,0.0,0.9839816933638443,0.20180268822187952
"w_cost=0.7,w_fidelity=0.0,w_queue=0.3",0.7,0.0,0.3,braket.Cepheus-1-108Q,8.730225292259768e-48,0.7352,0.0,0.4006069802731411,8.730225292259768e-48,107.0,1.0,1.0,0.2762852780555555,1.774522403676267e-47,1.0,1.0,0.8686855358360274,1.774522403676267e-47
"w_cost=0.7,w_fidelity=0.1,w_queue=0.2",0.7,0.1,0.2,braket.Cepheus-1-108Q,8.730225292259768e-48,0.7352,0.0,0.4006069802731411,8.730225292259768e-48,107.0,1.0,1.0,0.2762852780555555,1.774522403676267e-47,1.0,1.0,0.8686855358360274,1.774522403676267e-47
"w_cost=0.7,w_fidelity=0.2,w_queue=0.1",0.7,0.2,0.1,ibm.ibm_marrakesh,0.08800191730188456,3.2608239616,47.0,0.32105263157894737,0.08800191730188456,156.0,1.0,1.0,1.57126433,0.17887439165758207,0.9690049682689287,0.972106824925816,0.9839816933638443,0.17887439165758207
"w_cost=0.7,w_fidelity=0.3,w_queue=0.0",0.7,0.3,0.0,ibm.ibm_pittsburgh,0.09928209016188187,3.2678035456000005,1685.0,0.32105263157894737,0.09928209016188187,156.0,1.0,1.0,1.2076468094444444,0.20180268822187952,0.9689193132265158,0.0,0.9839816933638443,0.20180268822187952
"w_cost=0.8,w_fidelity=0.0,w_queue=0.2",0.8,0.0,0.2,braket.Cepheus-1-108Q,8.730225292259768e-48,0.7352,0.0,0.4006069802731411,8.730225292259768e-48,107.0,1.0,1.0,0.2762852780555555,1.774522403676267e-47,1.0,1.0,0.8686855358360274,1.774522403676267e-47
"w_cost=0.8,w_fidelity=0.1,w_queue=0.1",0.8,0.1,0.1,braket.Cepheus-1-108Q,8.730225292259768e-48,0.7352,0.0,0.4006069802731411,8.730225292259768e-48,107.0,1.0,1.0,0.2762852780555555,1.774522403676267e-47,1.0,1.0,0.8686855358360274,1.774522403676267e-47
"w_cost=0.8,w_fidelity=0.2,w_queue=0.0",0.8,0.2,0.0,ibm.ibm_pittsburgh,0.09928209016188187,3.2678035456000005,1685.0,0.32105263157894737,0.09928209016188187,156.0,1.0,1.0,1.2076468094444444,0.20180268822187952,0.9689193132265158,0.0,0.9839816933638443,0.20180268822187952
"w_cost=0.9,w_fidelity=0.0,w_queue=0.1",0.9,0.0,0.1,braket.Cepheus-1-108Q,8.730225292259768e-48,0.7352,0.0,0.4006069802731411,8.730225292259768e-48,107.0,1.0,1.0,0.2762852780555555,1.774522403676267e-47,1.0,1.0,0.8686855358360274,1.774522403676267e-47
"w_cost=0.9,w_fidelity=0.1,w_queue=0.0",0.9,0.1,0.0,braket.Cepheus-1-108Q,8.730225292259768e-48,0.7352,0.0,0.4006069802731411,8.730225292259768e-48,107.0,1.0,1.0,0.2762852780555555,1.774522403676267e-47,1.0,1.0,0.8686855358360274,1.774522403676267e-47
"w_cost=1.0,w_fidelity=0.0,w_queue=0.0",1.0,0.0,0.0,braket.Cepheus-1-108Q,8.730225292259768e-48,0.7352,0.0,0.4006069802731411,8.730225292259768e-48,107.0,1.0,1.0,0.2762852780555555,1.774522403676267e-47,1.0,1.0,0.8686855358360274,1.774522403676267e-47
