source,config,computed_argmax,objective_value,tied,actual_selected,match
experiment3,"w_cost=0.0,w_fidelity=0.0,w_queue=1.0",braket.Cepheus-1-108Q,1.0,True,ibm.ibm_aachen,True
experiment3,"w_cost=0.0,w_fidelity=0.1,w_queue=0.9",braket.Forte_1,1.0,False,braket.Forte_1,True
experiment3,"w_cost=0.0,w_fidelity=0.2,w_queue=0.8",braket.Forte_1,1.0,False,braket.Forte_1,True
experiment3,"w_cost=0.0,w_fidelity=0.3,w_queue=0.7",braket.Forte_1,1.0,False,braket.Forte_1,True
experiment3,"w_cost=0.0,w_fidelity=0.4,w_queue=0.6",braket.Forte_1,1.0,False,braket.Forte_1,True
experiment3,"w_cost=0.0,w_fidelity=0.5,w_queue=0.5",braket.Forte_1,1.0,False,braket.Forte_1,True
experiment3,"w_cost=0.0,w_fidelity=0.6,w_queue=0.4",braket.Forte_1,1.0,False,braket.Forte_1,True
experiment3,"w_cost=0.0,w_fidelity=0.7,w_queue=0.3",braket.Forte_1,1.0,False,braket.Forte_1,True
experiment3,"w_cost=0.0,w_fidelity=0.8,w_queue=0.2",braket.Forte_1,1.0,False,braket.Forte_1,True
experiment3,"w_cost=0.0,w_fidelity=0.9,w_queue=0.1",braket.Forte_1,1.0,False,braket.Forte_1,True
experiment3,"w_cost=0.0,w_fidelity=1.0,w_queue=0.0",braket.Forte_1,1.0,False,braket.Forte_1,True
experiment3,"w_cost=0.1,w_fidelity=0.0,w_queue=0.9",braket.Cepheus-1-108Q,1.0,False,braket.Cepheus-1-108Q,True
experiment3,"w_cost=0.1,w_fidelity=0.1,w_queue=0.8",ibm.ibm_aachen,0.902519,False,ibm.ibm_aachen,True
experiment3,"w_cost=0.1,w_fidelity=0.2,w_queue=0.7",braket.Forte_1,0.9,False,braket.Forte_1,True
experiment3,"w_cost=0.1,w_fidelity=0.3,w_queue=0.6",braket.Forte_1,0.9,False,braket.Forte_1,True
experiment3,"w_cost=0.1,w_fidelity=0.4,w_queue=0.5",braket.Forte_1,0.9,False,braket.Forte_1,True
experiment3,"w_cost=0.1,w_fidelity=0.5,w_queue=0.4",braket.Forte_1,0.9,False,braket.Forte_1,True
experiment3,"w_cost=0.1,w_fidelity=0.6,w_queue=0.3",braket.Forte_1,0.9,False,braket.Forte_1,True
experiment3,"w_cost=0.1,w_fidelity=0.7,w_queue=0.2",braket.Forte_1,0.9,False,braket.Forte_1,True
experiment3,"w_cost=0.1,w_fidelity=0.8,w_queue=0.1",braket.Forte_1,0.9,False,braket.Forte_1,True
experiment3,"w_cost=0.1,w_fidelity=0.9,w_queue=0.0",braket.Forte_1,0.9,False,braket.Forte_1,True
experiment3,"w_cost=0.2,w_fidelity=0.0,w_queue=0.8",braket.Cepheus-1-108Q,1.0,False,braket.Cepheus-1-108Q,True
experiment3,"w_cost=0.2,w_fidelity=0.1,w_queue=0.7",braket.Cepheus-1-108Q,0.9,False,braket.Cepheus-1-108Q,True
experiment3,"w_cost=0.2,w_fidelity=0.2,w_queue=0.6",ibm.ibm_marrakesh,0.81284,False,ibm.ibm_marrakesh,True
experiment3,"w_cost=0.2,w_fidelity=0.3,w_queue=0.5",braket.Forte_1,0.8,False,braket.Forte_1,True
experiment3,"w_cost=0.2,w_fidelity=0.4,w_queue=0.4",braket.Forte_1,0.8,False,braket.Forte_1,True
experiment3,"w_cost=0.2,w_fidelity=0.5,w_queue=0.3",braket.Forte_1,0.8,False,braket.Forte_1,True
experiment3,"w_cost=0.2,w_fidelity=0.6,w_queue=0.2",braket.Forte_1,0.8,False,braket.Forte_1,True
experiment3,"w_cost=0.2,w_fidelity=0.7,w_queue=0.1",braket.Forte_1,0.8,False,braket.Forte_1,True
experiment3,"w_cost=0.2,w_fidelity=0.8,w_queue=0.0",braket.Forte_1,0.8,False,braket.Forte_1,True
experiment3,"w_cost=0.3,w_fidelity=0.0,w_queue=0.7",braket.Cepheus-1-108Q,1.0,False,braket.Cepheus-1-108Q,True
experiment3,"w_cost=0.3,w_fidelity=0.1,w_queue=0.6",braket.Cepheus-1-108Q,0.9,False,braket.Cepheus-1-108Q,True
experiment3,"w_cost=0.3,w_fidelity=0.2,w_queue=0.5",ibm.ibm_marrakesh,0.81253,False,ibm.ibm_marrakesh,True
experiment3,"w_cost=0.3,w_fidelity=0.3,w_queue=0.4",ibm.ibm_marrakesh,0.733207,False,ibm.ibm_marrakesh,True
experiment3,"w_cost=0.3,w_fidelity=0.4,w_queue=0.3",braket.Forte_1,0.7,False,braket.Forte_1,True
experiment3,"w_cost=0.3,w_fidelity=0.5,w_queue=0.2",braket.Forte_1,0.7,False,braket.Forte_1,True
experiment3,"w_cost=0.3,w_fidelity=0.6,w_queue=0.1",braket.Forte_1,0.7,False,braket.Forte_1,True
experiment3,"w_cost=0.3,w_fidelity=0.7,w_queue=0.0",braket.Forte_1,0.7,False,braket.Forte_1,True
experiment3,"w_cost=0.4,w_fidelity=0.0,w_queue=0.6",braket.Cepheus-1-108Q,1.0,False,braket.Cepheus-1-108Q,True
experiment3,"w_cost=0.4,w_fidelity=0.1,w_queue=0.5",braket.Cepheus-1-108Q,0.9,False,braket.Cepheus-1-108Q,True
experiment3,"w_cost=0.4,w_fidelity=0.2,w_queue=0.4",ibm.ibm_marrakesh,0.81222,False,ibm.ibm_marrakesh,True
experiment3,"w_cost=0.4,w_fidelity=0.3,w_queue=0.3",ibm.ibm_marrakesh,0.732896,False,ibm.ibm_marrakesh,True
experiment3,"w_cost=0.4,w_fidelity=0.4,w_queue=0.2",ibm.ibm_marrakesh,0.653573,False,ibm.ibm_marrakesh,True
experiment3,"w_cost=0.4,w_fidelity=0.5,w_queue=0.1",braket.Forte_1,0.6,False,braket.Forte_1,True
experiment3,"w_cost=0.4,w_fidelity=0.6,w_queue=0.0",braket.Forte_1,0.6,False,braket.Forte_1,True
experiment3,"w_cost=0.5,w_fidelity=0.0,w_queue=0.5",braket.Cepheus-1-108Q,1.0,False,braket.Cepheus-1-108Q,True
experiment3,"w_cost=0.5,w_fidelity=0.1,w_queue=0.4",braket.Cepheus-1-108Q,0.9,False,braket.Cepheus-1-108Q,True
experiment3,"w_cost=0.5,w_fidelity=0.2,w_queue=0.3",ibm.ibm_marrakesh,0.811909,False,ibm.ibm_marrakesh,True
experiment3,"w_cost=0.5,w_fidelity=0.3,w_queue=0.2",ibm.ibm_marrakesh,0.732586,False,ibm.ibm_marrakesh,True
experiment3,"w_cost=0.5,w_fidelity=0.4,w_queue=0.1",ibm.ibm_marrakesh,0.653263,False,ibm.ibm_marrakesh,True
experiment3,"w_cost=0.5,w_fidelity=0.5,w_queue=0.0",ibm.ibm_pittsburgh,0.585361,False,ibm.ibm_pittsburgh,True
experiment3,"w_cost=0.6,w_fidelity=0.0,w_queue=0.4",braket.Cepheus-1-108Q,1.0,False,braket.Cepheus-1-108Q,True
experiment3,"w_cost=0.6,w_fidelity=0.1,w_queue=0.3",braket.Cepheus-1-108Q,0.9,False,braket.Cepheus-1-108Q,True
experiment3,"w_cost=0.6,w_fidelity=0.2,w_queue=0.2",ibm.ibm_marrakesh,0.811599,False,ibm.ibm_marrakesh,True
experiment3,"w_cost=0.6,w_fidelity=0.3,w_queue=0.1",ibm.ibm_marrakesh,0.732276,False,ibm.ibm_marrakesh,True
experiment3,"w_cost=0.6,w_fidelity=0.4,w_queue=0.0",ibm.ibm_pittsburgh,0.662073,False,ibm.ibm_pittsburgh,True
experiment3,"w_cost=0.7,w_fidelity=0.0,w_queue=0.3",braket.Cepheus-1-108Q,1.0,False,braket.Cepheus-1-108Q,True
experiment3,"w_cost=0.7,w_fidelity=0.1,w_queue=0.2",braket.Cepheus-1-108Q,0.9,False,braket.Cepheus-1-108Q,True
experiment3,"w_cost=0.7,w_fidelity=0.2,w_queue=0.1",ibm.ibm_marrakesh,0.811289,False,ibm.ibm_marrakesh,True
experiment3,"w_cost=0.7,w_fidelity=0.3,w_queue=0.0",ibm.ibm_pittsburgh,0.738784,False,ibm.ibm_pittsburgh,True
experiment3,"w_cost=0.8,w_fidelity=0.0,w_queue=0.2",braket.Cepheus-1-108Q,1.0,False,braket.Cepheus-1-108Q,True
experiment3,"w_cost=0.8,w_fidelity=0.1,w_queue=0.1",braket.Cepheus-1-108Q,0.9,False,braket.Cepheus-1-108Q,True
experiment3,"w_cost=0.8,w_fidelity=0.2,w_queue=0.0",ibm.ibm_pittsburgh,0.815496,False,ibm.ibm_pittsburgh,True
experiment3,"w_cost=0.9,w_fidelity=0.0,w_queue=0.1",braket.Cepheus-1-108Q,1.0,False,braket.Cepheus-1-108Q,True
experiment3,"w_cost=0.9,w_fidelity=0.1,w_queue=0.0",braket.Cepheus-1-108Q,0.9,False,braket.Cepheus-1-108Q,True
experiment3,"w_cost=1.0,w_fidelity=0.0,w_queue=0.0",braket.Cepheus-1-108Q,1.0,False,braket.Cepheus-1-108Q,True
experiment2,ghz@2q,ibm.ibm_aachen,0.990003,False,ibm.ibm_aachen,True
experiment2,ghz@4q,ibm.ibm_aachen,0.99,False,ibm.ibm_aachen,True
experiment2,ghz@8q,ibm.ibm_aachen,0.989999,False,ibm.ibm_aachen,True
experiment2,ghz@12q,ibm.ibm_aachen,0.989996,False,ibm.ibm_aachen,True
experiment2,ghz@15q,ibm.ibm_aachen,0.989994,False,ibm.ibm_aachen,True
experiment2,ghz@20q,ibm.ibm_kingston,0.897223,False,ibm.ibm_kingston,True
experiment2,ghz@28q,ibm.ibm_kingston,0.886332,False,ibm.ibm_kingston,True
experiment2,ghz@36q,ibm.ibm_kingston,0.870427,False,ibm.ibm_kingston,True
experiment2,ghz@53q,ibm.ibm_kingston,0.989277,False,ibm.ibm_kingston,True
experiment2,ghz@65q,ibm.ibm_kingston,0.98923,False,ibm.ibm_kingston,True
experiment2,ghz@84q,ibm.ibm_kingston,0.989159,False,ibm.ibm_kingston,True
experiment2,ghz@107q,braket.Cepheus-1-108Q,1.0,False,braket.Cepheus-1-108Q,True
experiment2,ghz@156q,ibm.ibm_aachen,0.649523,False,ibm.ibm_aachen,True
experiment2,qaoa@2q,ibm.ibm_aachen,0.98431,False,ibm.ibm_aachen,True
experiment2,qaoa@4q,ibm.ibm_kingston,0.989423,False,ibm.ibm_kingston,True
experiment2,qaoa@8q,ibm.ibm_aachen,0.926851,False,ibm.ibm_aachen,True
experiment2,qaoa@12q,braket.IBEX_Q1,0.772981,False,braket.IBEX_Q1,True
experiment2,qaoa@15q,ibm.ibm_marrakesh,0.701384,False,ibm.ibm_marrakesh,True
experiment2,qaoa@20q,braket.Forte_1,0.67,False,braket.Forte_1,True
experiment2,qaoa@28q,braket.Forte_1,0.67,False,braket.Forte_1,True
experiment2,qaoa@36q,braket.Forte_1,0.67,False,braket.Forte_1,True
experiment2,qaoa@53q,ibm.ibm_kingston,0.987627,False,ibm.ibm_kingston,True
experiment2,qaoa@65q,ibm.ibm_kingston,0.987316,False,ibm.ibm_kingston,True
experiment2,qaoa@84q,ibm.ibm_kingston,0.986458,False,ibm.ibm_kingston,True
experiment2,qaoa@107q,ibm.ibm_kingston,0.985495,False,ibm.ibm_kingston,True
experiment2,qaoa@156q,ibm.ibm_aachen,0.643693,False,ibm.ibm_aachen,True
experiment2,randomcircuit@2q,ibm.ibm_aachen,0.986509,False,ibm.ibm_aachen,True
experiment2,randomcircuit@4q,ibm.ibm_kingston,0.989327,False,ibm.ibm_kingston,True
experiment2,randomcircuit@8q,ibm.ibm_aachen,0.969337,False,ibm.ibm_aachen,True
experiment2,randomcircuit@12q,braket.Forte_1,0.67,False,braket.Forte_1,True
experiment2,randomcircuit@15q,braket.Forte_1,0.67,False,braket.Forte_1,True
experiment2,randomcircuit@20q,braket.Forte_1,0.67,False,braket.Forte_1,True
experiment2,randomcircuit@28q,braket.Forte_1,0.67,False,braket.Forte_1,True
experiment2,randomcircuit@36q,braket.Forte_1,0.67,False,braket.Forte_1,True
experiment2,randomcircuit@53q,ibm.ibm_kingston,0.979428,False,ibm.ibm_kingston,True
experiment2,randomcircuit@65q,ibm.ibm_kingston,0.975595,False,ibm.ibm_kingston,True
experiment2,randomcircuit@84q,ibm.ibm_kingston,0.967765,False,ibm.ibm_kingston,True
experiment2,randomcircuit@107q,braket.Cepheus-1-108Q,0.66,False,braket.Cepheus-1-108Q,True
experiment2,randomcircuit@156q,ibm.ibm_fez,0.592151,False,ibm.ibm_fez,True
